NL-RETR	1	run1	barcode1	2	112	CC	unk	complex	1	0.1100715465052284
NL-RETR	1	run1	barcode1	1	195	G	fwd	single-nucleotide	1	0.7830853563038371
NL-RETR	2	run2	barcode1	1	181	C	unk	complex	1	0.24390243902439024
NL-RKKR	1	run1	barcode2	9	125	TCTTTTTTT	unk	complex	1	0.10714668381013608
NL-RKKR	1	run1	barcode2	5	131	TTTTC	unk	complex	2	0.2141556911874933
NL-RKKR	1	run1	barcode2	5	134	TTTTC	unk	complex	1	0.10704345964461572
NL-RKKR	1	run1	barcode2	5	133	TTTTC	unk	complex	1	0.10708931248661384
NL-RKKR	1	run1	barcode2	4	132	TTTC	unk	complex	4	0.4283113823749866
NL-RKKR	1	run1	barcode2	4	134	TCTC	unk	complex	1	0.10704345964461572
NL-RKKR	1	run1	barcode2	4	134	TTTC	unk	complex	1	0.10704345964461572
NL-RKKR	1	run1	barcode2	3	133	TTC	unk	complex	23	2.4630541871921183
NL-RKKR	1	run1	barcode2	3	134	TTC	unk	complex	3	0.3211303789338471
NL-RKKR	1	run1	barcode2	3	122	TCC	unk	complex	1	0.10715816545220745
NL-RKKR	1	run1	barcode2	2	134	TC	unk	complex	252	26.97495183044316
NL-RKKR	1	run1	barcode2	2	127	TT	unk	complex	19	2.0360051435919417
NL-RKKR	1	run1	barcode2	2	127	CT	unk	complex	1	0.10715816545220745
NL-RKKR	1	run1	barcode2	1	128	T	rev	single-nucleotide	82	8.784145688269952
NL-RKKR	1	run1	barcode2	1	134	C	unk	complex	5	0.5352172982230785
NL-RKKR	2	run2	barcode2	4	134	TCTC	unk	complex	2	0.21865092380015305
NL-RKKR	2	run2	barcode2	4	132	TTTC	unk	complex	2	0.21869874248223073
NL-RKKR	2	run2	barcode2	4	134	TTTC	unk	complex	1	0.10932546190007653
NL-RKKR	2	run2	barcode2	3	133	TTC	unk	complex	49	5.357533347911655
NL-RKKR	2	run2	barcode2	3	127	TTT	unk	complex	8	0.875369296421928
NL-RKKR	2	run2	barcode2	3	134	TTC	unk	complex	3	0.3279763857002296
NL-RKKR	2	run2	barcode2	2	134	TC	unk	complex	286	31.267082103421885
NL-RKKR	2	run2	barcode2	2	127	TT	unk	complex	31	3.392056023634971
NL-RKKR	2	run2	barcode2	2	124	CT	unk	complex	1	0.109421162052741
NL-RKKR	2	run2	barcode2	1	128	T	rev	single-nucleotide	76	8.313279369940933
NL-RKKR	2	run2	barcode2	1	134	C	unk	complex	5	0.5466273095003826
NL-RKKR	2	run2	barcode2	1	125	C	fwd	single-nucleotide	1	0.1093972213105787
NL-RKKR	2	run2	barcode2	1	121	G	unk	complex	1	0.10940919037199125
